Comment,Designator,Footprint,Manufacturer Part
"47 µF","C1,C2",C1206,"GRM31CR60J476ME19L"
"1 µF","C3,C7",C0603,"GRM188R61A105KA61D"
"10 µF","C4,C5",C0805,"GRM21BR61A106KE19L"
"100 nF","C6,C8,C9,C10,C11",C0603,"GRM188R71C104KA01D"
"B5819W","D1,D2,D3,D4",SOD-123,"B5819W"
"APT1608EC","D5",LED0603,"APT1608EC"
"SM08B-SRSS-TB(LF)(SN)","J2",JST-SH-8-SMD,"SM08B-SRSS-TB(LF)(SN)"
"AO3400A","Q1,Q2,Q3,Q4",SOT-23,"AO3400A"
"10kΩ","R1,R2,R6,R8,R10,R12",R0603,"RC0603FR-0710KL"
"4.7kΩ","R3,R4",R0603,"RC0603FR-074K7L"
"47Ω","R5,R7,R9,R11",R0603,"RC0603FR-0747RL"
"100kΩ","R13,R14",R0603,"RC0603FR-07100KL"
"1kΩ","R15",R0603,"RC0603FR-071KL"
"TS-1187A-B-A-B","SW1,SW2",Tact-3x4-SMD,"TS-1187A-B-A-B"
"XC6220B331MR-G","U1",SOT-23-5,"XC6220B331MR-G"
"ESP32-S3-WROOM-1-N8","U2",ESP32-S3-WROOM-1,"ESP32-S3-WROOM-1-N8"
"ICM-42688-P","U3",LGA-14-2.5x3,"ICM-42688-P"
"BMP390","U4",LGA-10-2x2,"BMP390"
