Designator,Val,Package,Mid X,Mid Y,Rotation,Layer
U2,"ESP32-S3-WROOM-1-N8",ESP32-S3-WROOM-1,6.810mm,20.000mm,90,top
Q1,"AO3400A",SOT-23,34.750mm,8.250mm,90,top
Q2,"AO3400A",SOT-23,34.750mm,31.750mm,90,top
Q3,"AO3400A",SOT-23,8.250mm,34.750mm,0,top
Q4,"AO3400A",SOT-23,6.500mm,7.000mm,90,top
R5,"47Ω",R0603,32.000mm,8.250mm,270,top
R6,"10kΩ",R0603,32.000mm,5.000mm,270,top
D1,"B5819W",SOD-123,38.000mm,12.500mm,270,top
R7,"47Ω",R0603,32.000mm,31.000mm,90,top
R8,"10kΩ",R0603,32.000mm,34.500mm,90,top
D2,"B5819W",SOD-123,38.000mm,27.500mm,90,top
R9,"47Ω",R0603,8.250mm,32.000mm,180,top
R10,"10kΩ",R0603,5.000mm,32.000mm,180,top
D3,"B5819W",SOD-123,12.500mm,38.000mm,180,top
R11,"47Ω",R0603,9.250mm,7.500mm,270,top
R12,"10kΩ",R0603,9.250mm,4.250mm,270,top
D4,"B5819W",SOD-123,11.500mm,7.000mm,90,top
U3,"ICM-42688-P",LGA-14-2.5x3,23.250mm,19.000mm,0,top
U1,"XC6220B331MR-G",SOT-23-5,34.000mm,20.000mm,90,top
U4,"BMP390",LGA-10-2x2,23.000mm,13.000mm,270,top
C1,"47 µF",C1206,33.250mm,16.500mm,0,top
C2,"47 µF",C1206,33.250mm,23.500mm,0,top
C3,"1 µF",C0603,31.250mm,20.000mm,90,top
C4,"10 µF",C0805,29.250mm,20.000mm,90,top
C5,"10 µF",C0805,11.750mm,30.750mm,0,top
C6,"100 nF",C0603,2.500mm,31.250mm,90,top
R1,"10kΩ",R0603,14.500mm,9.500mm,180,top
C7,"1 µF",C0603,14.500mm,7.750mm,0,top
R2,"10kΩ",R0603,15.250mm,30.500mm,0,top
C8,"100 nF",C0603,27.250mm,19.000mm,90,top
C9,"100 nF",C0603,23.250mm,23.250mm,0,top
C10,"100 nF",C0603,23.000mm,9.250mm,0,top
R3,"4.7kΩ",R0603,26.750mm,13.000mm,90,top
R4,"4.7kΩ",R0603,26.250mm,9.250mm,180,top
R15,"1kΩ",R0603,3.000mm,34.000mm,180,top
J2,"SM08B-SRSS-TB(LF)(SN)",JST-SH-8-SMD,23.750mm,30.250mm,270,top
R13,"100kΩ",R0603,13.500mm,32.750mm,180,top
R14,"100kΩ",R0603,13.500mm,34.500mm,0,top
C11,"100 nF",C0603,16.750mm,32.750mm,0,top
D5,"APT1608EC",LED0603,16.000mm,35.250mm,270,top
SW1,"TS-1187A-B-A-B",Tact-3x4-SMD,14.750mm,3.750mm,270,top
SW2,"TS-1187A-B-A-B",Tact-3x4-SMD,18.750mm,7.250mm,270,top
