variant,section,group,item,qty,unit_usd,total_usd,total_jpy,basis,source
"A","per_vehicle","基板部品（FC 基板）","積層セラミックコンデンサ 47 µF 6.3 V X5R 1206（C1, C2）","2","0.1","0.200","31","estimate","1206 47 µF の一般的な単価"
"A","per_vehicle","基板部品（FC 基板）","積層セラミックコンデンサ 1 µF 10 V X5R 0603（C3, C7）","2","0.004","0.008","1","estimate","JLCPCB 基本部品"
"A","per_vehicle","基板部品（FC 基板）","積層セラミックコンデンサ 10 µF 10 V X5R 0805（C4, C5）","2","0.02","0.040","6","estimate","JLCPCB 基本部品"
"A","per_vehicle","基板部品（FC 基板）","積層セラミックコンデンサ 100 nF 16 V X7R 0603（C6, C8, C9, C10, C11）","5","0.003","0.015","2","estimate","JLCPCB 基本部品"
"A","per_vehicle","基板部品（FC 基板）","ショットキーダイオード 40 V 1 A（モータ還流用）（D1, D2, D3, D4）","4","0.02","0.080","13","estimate","JLCPCB 基本部品の一般的な単価"
"A","per_vehicle","基板部品（FC 基板）","チップ LED 赤 0603(1608)（D5）","1","0.01","0.010","2","estimate","JLCPCB 基本部品の一般的な単価"
"A","per_vehicle","基板部品（FC 基板）","フロー＋ToF モジュール用 JST SH 8 ピン（SMD）（J2）","1","0.45","0.450","71","estimate","JST 純正は $0.5 前後、互換品 $0.1〜0.2"
"A","per_vehicle","基板部品（FC 基板）","N-ch MOSFET 30 V 5.7 A（ロジックレベル）（Q1, Q2, Q3, Q4）","4","0.03","0.120","19","estimate","JLCPCB 基本部品の一般的な単価"
"A","per_vehicle","基板部品（FC 基板）","チップ抵抗 10kΩ 1% 0603(1608)（R1, R2, R6, R8, R10, R12）","6","0.002","0.012","2","estimate","JLCPCB 基本部品（0603 抵抗）"
"A","per_vehicle","基板部品（FC 基板）","チップ抵抗 4.7kΩ 1% 0603(1608)（R3, R4）","2","0.002","0.004","1","estimate","JLCPCB 基本部品（0603 抵抗）"
"A","per_vehicle","基板部品（FC 基板）","チップ抵抗 47Ω 1% 0603(1608)（R5, R7, R9, R11）","4","0.002","0.008","1","estimate","JLCPCB 基本部品（0603 抵抗）"
"A","per_vehicle","基板部品（FC 基板）","チップ抵抗 100kΩ 1% 0603(1608)（R13, R14）","2","0.002","0.004","1","estimate","JLCPCB 基本部品（0603 抵抗）"
"A","per_vehicle","基板部品（FC 基板）","チップ抵抗 1kΩ 1% 0603(1608)（R15）","1","0.002","0.002","0","estimate","JLCPCB 基本部品（0603 抵抗）"
"A","per_vehicle","基板部品（FC 基板）","タクトスイッチ 3×4 mm（SMD）（SW1, SW2）","2","0.05","0.100","16","estimate","SMD タクトスイッチの一般的な単価"
"A","per_vehicle","基板部品（FC 基板）","3.3 V LDO レギュレータ 1 A（U1）","1","0.35","0.350","55","estimate","Torex LDO の一般的な小口単価"
"A","per_vehicle","基板部品（FC 基板）","Wi-Fi/BLE マイコンモジュール ESP32-S3（8MB Flash, PSRAM なし）（U2）","1","5.66","5.660","889","web","Digi-Key 単価"
"A","per_vehicle","基板部品（FC 基板）","6軸 IMU（ジャイロ＋加速度）（U3）","1","12","12.000","1884","web","LCSC（$15.6〜、在庫なし）・Digi-Key/Mouser は在庫変動"
"A","per_vehicle","基板部品（FC 基板）","気圧センサ（U4）","1","3.3","3.300","518","web","Digi-Key 単価（取り寄せ）"
"A","per_vehicle","推進系","モータ coreless-0820","4","2.5","10.000","1570","web","8520 モータ 4 個＋65 mm プロペラのセット $9.98（Walmart/SpeedyFPV）を 1 個あたりに換算"
"A","per_vehicle","電池","電池 lipo-1s-600","1","7","7.000","1099","web","Pyrodrone Auline $5.99 / Tower Hobbies Gens ace $7.99"
"A","per_vehicle","外部モジュール","FlowToF-Module","1","25","25.000","3925","web","PMW3901＋VL53L1X 一体モジュール（Taidacent 4M 版等）/ Pimoroni＋Pololu で約 €45"
"A","per_vehicle","機構・配線","フレーム（PLA 15 g：サポート・失敗分込み）","0.015468038149693573","20","0.309","49","web","PLA 1 kg の中央値 $19.99/kg（2026-06 時点の価格調査）"
"A","per_vehicle","機構・配線","screws-m2","1","5","5.000","785","estimate","M2 ねじ・ナット・ナイロンスペーサのセット"
"A","per_vehicle","機構・配線","battery-strap","1","1","1.000","157","estimate","電池ストラップ・滑り止め"
"A","per_vehicle","機構・配線","wire-misc","1","4","4.000","628","estimate","シリコン線（AWG 20/28）・熱収縮チューブ・はんだ"
"A","first_build","基板発注（FC 基板）","基板製造 5 枚（2 層）","1","2","2.000","314","calc","JLCPCB ヘルプ「PCB Assembly Cost」、TechOverflow「JLCPCB PCBA assembly price overview」"
"A","first_build","基板発注（FC 基板）","実装の段取り・ステンシル・技術料（Standard PCBA：モジュールあり）","1","30","30.000","4710","calc","JLCPCB ヘルプ「PCB Assembly Cost」、TechOverflow「JLCPCB PCBA assembly price overview」"
"A","first_build","基板発注（FC 基板）","拡張部品のフィーダ費（7 種 × $1.5）","1","10.5","10.500","1649","calc","JLCPCB ヘルプ「PCB Assembly Cost」、TechOverflow「JLCPCB PCBA assembly price overview」"
"A","first_build","基板発注（FC 基板）","はんだ付け（158 点 × 2 枚）","1","0.5372","0.537","84","calc","JLCPCB ヘルプ「PCB Assembly Cost」、TechOverflow「JLCPCB PCBA assembly price overview」"
"A","first_build","基板発注（FC 基板）","実装部品（2 枚分）","1","44.726000000000006","44.726","7022","calc","上の部品単価の合計 × 実装枚数"
"A","first_build","基板発注","国際送料（基板・1 回にまとめる）","1","20","20.000","3140","calc","宅配便の目安"
"A","first_build","推進系","モータ coreless-0820","4","2.5","10.000","1570","web","8520 モータ 4 個＋65 mm プロペラのセット $9.98（Walmart/SpeedyFPV）を 1 個あたりに換算"
"A","first_build","推進系","プロペラ（予備 2 セット、初回分はモータに付属）","8","0.75","6.000","942","estimate","65 mm 2 枚羽（4 枚 $3 前後）"
"A","first_build","電池","電池（運用 3 本）","3","7","21.000","3297","web","Pyrodrone Auline $5.99 / Tower Hobbies Gens ace $7.99"
"A","first_build","外部モジュール","FlowToF-Module","1","25","25.000","3925","web","PMW3901＋VL53L1X 一体モジュール（Taidacent 4M 版等）/ Pimoroni＋Pololu で約 €45"
"A","first_build","機構・配線","PLA 1 巻（1 kg）","1","20","20.000","3140","web","PLA 1 kg の中央値 $19.99/kg（2026-06 時点の価格調査）"
"A","first_build","機構・配線","screws-m2","1","5","5.000","785","estimate","M2 ねじ・ナット・ナイロンスペーサのセット"
"A","first_build","機構・配線","battery-strap","1","1","1.000","157","estimate","電池ストラップ・滑り止め"
"A","first_build","機構・配線","wire-misc","1","4","4.000","628","estimate","シリコン線（AWG 20/28）・熱収縮チューブ・はんだ"
"A","first_build","送料・税","海外ホビーショップの送料（1 回）","1","15","15.000","2355","calc","目安"
"A","first_build","送料・税","輸入消費税 10 %","1","21.47632","21.476","3372","calc","課税対象の合計 × 税率"
"A","tools","道具（初回のみ）","charger-1s","1","20","20.000","3140","estimate","1S LiPo 充電器（複数ポート）"
"A","tools","道具（初回のみ）","usb-uart","1","5","5.000","785","estimate","USB-シリアル変換（ESP32 書込み用）"
"A","tools","道具（初回のみ）","pogo-jig","1","10","10.000","1570","estimate","ポゴピン書込み治具"
"A","tools","道具（初回のみ）","lipo-bag","1","8","8.000","1256","estimate","LiPo 保管用の耐火バッグ"
"B","per_vehicle","基板部品（メイン基板 B）","積層セラミックコンデンサ 47 µF 6.3 V X5R 1206（C1, C2）","2","0.1","0.200","31","estimate","1206 47 µF の一般的な単価"
"B","per_vehicle","基板部品（メイン基板 B）","積層セラミックコンデンサ 1 µF 10 V X5R 0603（C3, C7）","2","0.004","0.008","1","estimate","JLCPCB 基本部品"
"B","per_vehicle","基板部品（メイン基板 B）","積層セラミックコンデンサ 10 µF 10 V X5R 0805（C4, C5）","2","0.02","0.040","6","estimate","JLCPCB 基本部品"
"B","per_vehicle","基板部品（メイン基板 B）","積層セラミックコンデンサ 100 nF 16 V X7R 0603（C6, C8, C9, C10, C11）","5","0.003","0.015","2","estimate","JLCPCB 基本部品"
"B","per_vehicle","基板部品（メイン基板 B）","ショットキーダイオード 40 V 1 A（モータ還流用）（D1, D2, D3, D4）","4","0.02","0.080","13","estimate","JLCPCB 基本部品の一般的な単価"
"B","per_vehicle","基板部品（メイン基板 B）","チップ LED 赤 0603(1608)（D5）","1","0.01","0.010","2","estimate","JLCPCB 基本部品の一般的な単価"
"B","per_vehicle","基板部品（メイン基板 B）","フロー＋ToF モジュール用 JST SH 8 ピン（SMD）（J2）","1","0.45","0.450","71","estimate","JST 純正は $0.5 前後、互換品 $0.1〜0.2"
"B","per_vehicle","基板部品（メイン基板 B）","GNSS＋コンパス用 JST SH 6 ピン（SMD）（J8）","1","0.4","0.400","63","estimate","JST 純正は $0.4 前後、互換品 $0.1〜0.2"
"B","per_vehicle","基板部品（メイン基板 B）","N-ch MOSFET 30 V 5.7 A（ロジックレベル）（Q1, Q2, Q3, Q4）","4","0.03","0.120","19","estimate","JLCPCB 基本部品の一般的な単価"
"B","per_vehicle","基板部品（メイン基板 B）","チップ抵抗 10kΩ 1% 0603(1608)（R1, R2, R6, R8, R10, R12）","6","0.002","0.012","2","estimate","JLCPCB 基本部品（0603 抵抗）"
"B","per_vehicle","基板部品（メイン基板 B）","チップ抵抗 4.7kΩ 1% 0603(1608)（R3, R4）","2","0.002","0.004","1","estimate","JLCPCB 基本部品（0603 抵抗）"
"B","per_vehicle","基板部品（メイン基板 B）","チップ抵抗 47Ω 1% 0603(1608)（R5, R7, R9, R11）","4","0.002","0.008","1","estimate","JLCPCB 基本部品（0603 抵抗）"
"B","per_vehicle","基板部品（メイン基板 B）","チップ抵抗 100kΩ 1% 0603(1608)（R13, R14）","2","0.002","0.004","1","estimate","JLCPCB 基本部品（0603 抵抗）"
"B","per_vehicle","基板部品（メイン基板 B）","チップ抵抗 1kΩ 1% 0603(1608)（R15）","1","0.002","0.002","0","estimate","JLCPCB 基本部品（0603 抵抗）"
"B","per_vehicle","基板部品（メイン基板 B）","タクトスイッチ 3×4 mm（SMD）（SW1, SW2）","2","0.05","0.100","16","estimate","SMD タクトスイッチの一般的な単価"
"B","per_vehicle","基板部品（メイン基板 B）","3.3 V LDO レギュレータ 1 A（U1）","1","0.35","0.350","55","estimate","Torex LDO の一般的な小口単価"
"B","per_vehicle","基板部品（メイン基板 B）","Wi-Fi/BLE マイコンモジュール ESP32-S3（8MB Flash, PSRAM なし）（U2）","1","5.66","5.660","889","web","Digi-Key 単価"
"B","per_vehicle","基板部品（メイン基板 B）","6軸 IMU（ジャイロ＋加速度）（U3）","1","12","12.000","1884","web","LCSC（$15.6〜、在庫なし）・Digi-Key/Mouser は在庫変動"
"B","per_vehicle","基板部品（メイン基板 B）","気圧センサ（U4）","1","3.3","3.300","518","web","Digi-Key 単価（取り寄せ）"
"B","per_vehicle","基板部品（センサ子基板）","積層セラミックコンデンサ 1 µF 10 V X5R 0603（C1, C2）","2","0.004","0.008","1","estimate","JLCPCB 基本部品"
"B","per_vehicle","基板部品（センサ子基板）","積層セラミックコンデンサ 100 nF 16 V X7R 0603（C3, C4, C5）","3","0.003","0.009","1","estimate","JLCPCB 基本部品"
"B","per_vehicle","基板部品（センサ子基板）","積層セラミックコンデンサ 10 µF 10 V X5R 0805（C6）","1","0.02","0.020","3","estimate","JLCPCB 基本部品"
"B","per_vehicle","基板部品（センサ子基板）","フロー＋ToF モジュール用 JST SH 8 ピン（SMD）（J1）","1","0.45","0.450","71","estimate","JST 純正は $0.5 前後、互換品 $0.1〜0.2"
"B","per_vehicle","基板部品（センサ子基板）","チップ抵抗 10kΩ 1% 0603(1608)（R1, R2）","2","0.002","0.004","1","estimate","JLCPCB 基本部品（0603 抵抗）"
"B","per_vehicle","基板部品（センサ子基板）","1.8 V LDO レギュレータ 200 mA（U1）","1","0.05","0.050","8","estimate","汎用 LDO の一般的な単価"
"B","per_vehicle","基板部品（センサ子基板）","オプティカルフローセンサ（別途レンズが必要）（U2）","1","4.2","4.200","659","web","LCSC $3.78〜 / WPG Americas $4.20"
"B","per_vehicle","基板部品（センサ子基板）","ToF 距離センサ（〜4 m）（U3）","1","5","5.000","785","web","LCSC $3.28〜 / Digi-Key $6.63"
"B","per_vehicle","推進系","モータ coreless-0820","4","2.5","10.000","1570","web","8520 モータ 4 個＋65 mm プロペラのセット $9.98（Walmart/SpeedyFPV）を 1 個あたりに換算"
"B","per_vehicle","電池","電池 lipo-1s-600","1","7","7.000","1099","web","Pyrodrone Auline $5.99 / Tower Hobbies Gens ace $7.99"
"B","per_vehicle","外部モジュール","flow-lens","1","3","3.000","471","estimate","PMW3901 用遠距離レンズ（チップとセットで流通することが多い）"
"B","per_vehicle","外部モジュール","GNSS-M10","1","21","21.000","3297","web","HGLRC M100-5883（M10＋QMC5883）$20.49〜22.99 / Flywoo GM10 Nano $18.99〜"
"B","per_vehicle","機構・配線","フレーム（PLA 17 g：サポート・失敗分込み）","0.016836007540246983","20","0.337","53","web","PLA 1 kg の中央値 $19.99/kg（2026-06 時点の価格調査）"
"B","per_vehicle","機構・配線","screws-m2","1","5","5.000","785","estimate","M2 ねじ・ナット・ナイロンスペーサのセット"
"B","per_vehicle","機構・配線","battery-strap","1","1","1.000","157","estimate","電池ストラップ・滑り止め"
"B","per_vehicle","機構・配線","wire-misc","1","4","4.000","628","estimate","シリコン線（AWG 20/28）・熱収縮チューブ・はんだ"
"B","per_vehicle","機構・配線","jst-sh-cable","1","2","2.000","314","estimate","JST-SH 両端ケーブル（ESC・GNSS・子基板用）"
"B","first_build","基板発注（メイン基板 B）","基板製造 5 枚（2 層）","1","2","2.000","314","calc","JLCPCB ヘルプ「PCB Assembly Cost」、TechOverflow「JLCPCB PCBA assembly price overview」"
"B","first_build","基板発注（メイン基板 B）","実装の段取り・ステンシル・技術料（Standard PCBA：モジュールあり）","1","30","30.000","4710","calc","JLCPCB ヘルプ「PCB Assembly Cost」、TechOverflow「JLCPCB PCBA assembly price overview」"
"B","first_build","基板発注（メイン基板 B）","拡張部品のフィーダ費（8 種 × $1.5）","1","12","12.000","1884","calc","JLCPCB ヘルプ「PCB Assembly Cost」、TechOverflow「JLCPCB PCBA assembly price overview」"
"B","first_build","基板発注（メイン基板 B）","はんだ付け（166 点 × 2 枚）","1","0.5644","0.564","89","calc","JLCPCB ヘルプ「PCB Assembly Cost」、TechOverflow「JLCPCB PCBA assembly price overview」"
"B","first_build","基板発注（メイン基板 B）","実装部品（2 枚分）","1","45.526","45.526","7148","calc","上の部品単価の合計 × 実装枚数"
"B","first_build","基板発注（センサ子基板）","基板製造 5 枚（2 層）","1","2","2.000","314","calc","JLCPCB ヘルプ「PCB Assembly Cost」、TechOverflow「JLCPCB PCBA assembly price overview」"
"B","first_build","基板発注（センサ子基板）","実装の段取り・ステンシル・技術料（Economic PCBA）","1","13","13.000","2041","calc","JLCPCB ヘルプ「PCB Assembly Cost」、TechOverflow「JLCPCB PCBA assembly price overview」"
"B","first_build","基板発注（センサ子基板）","拡張部品のフィーダ費（3 種 × $1.5）","1","4.5","4.500","707","calc","JLCPCB ヘルプ「PCB Assembly Cost」、TechOverflow「JLCPCB PCBA assembly price overview」"
"B","first_build","基板発注（センサ子基板）","はんだ付け（61 点 × 2 枚）","1","0.2074","0.207","33","calc","JLCPCB ヘルプ「PCB Assembly Cost」、TechOverflow「JLCPCB PCBA assembly price overview」"
"B","first_build","基板発注（センサ子基板）","実装部品（2 枚分）","1","19.482","19.482","3059","calc","上の部品単価の合計 × 実装枚数"
"B","first_build","基板発注","国際送料（基板・1 回にまとめる）","1","20","20.000","3140","calc","宅配便の目安"
"B","first_build","推進系","モータ coreless-0820","4","2.5","10.000","1570","web","8520 モータ 4 個＋65 mm プロペラのセット $9.98（Walmart/SpeedyFPV）を 1 個あたりに換算"
"B","first_build","推進系","プロペラ（予備 2 セット、初回分はモータに付属）","8","0.75","6.000","942","estimate","65 mm 2 枚羽（4 枚 $3 前後）"
"B","first_build","電池","電池（運用 3 本）","3","7","21.000","3297","web","Pyrodrone Auline $5.99 / Tower Hobbies Gens ace $7.99"
"B","first_build","外部モジュール","flow-lens","1","3","3.000","471","estimate","PMW3901 用遠距離レンズ（チップとセットで流通することが多い）"
"B","first_build","外部モジュール","GNSS-M10","1","21","21.000","3297","web","HGLRC M100-5883（M10＋QMC5883）$20.49〜22.99 / Flywoo GM10 Nano $18.99〜"
"B","first_build","機構・配線","PLA 1 巻（1 kg）","1","20","20.000","3140","web","PLA 1 kg の中央値 $19.99/kg（2026-06 時点の価格調査）"
"B","first_build","機構・配線","screws-m2","1","5","5.000","785","estimate","M2 ねじ・ナット・ナイロンスペーサのセット"
"B","first_build","機構・配線","battery-strap","1","1","1.000","157","estimate","電池ストラップ・滑り止め"
"B","first_build","機構・配線","wire-misc","1","4","4.000","628","estimate","シリコン線（AWG 20/28）・熱収縮チューブ・はんだ"
"B","first_build","機構・配線","jst-sh-cable","1","2","2.000","314","estimate","JST-SH 両端ケーブル（ESC・GNSS・子基板用）"
"B","first_build","送料・税","海外ホビーショップの送料（1 回）","1","15","15.000","2355","calc","目安"
"B","first_build","送料・税","輸入消費税 10 %","1","25.727980000000002","25.728","4039","calc","課税対象の合計 × 税率"
"B","tools","道具（初回のみ）","charger-1s","1","20","20.000","3140","estimate","1S LiPo 充電器（複数ポート）"
"B","tools","道具（初回のみ）","usb-uart","1","5","5.000","785","estimate","USB-シリアル変換（ESP32 書込み用）"
"B","tools","道具（初回のみ）","pogo-jig","1","10","10.000","1570","estimate","ポゴピン書込み治具"
"B","tools","道具（初回のみ）","lipo-bag","1","8","8.000","1256","estimate","LiPo 保管用の耐火バッグ"
"C","per_vehicle","基板部品（FC 基板 C）","積層セラミックコンデンサ 10 µF 25 V X5R 0805（C1, C2）","2","0.04","0.080","13","estimate","25 V 品は拡張部品のことが多い"
"C","per_vehicle","基板部品（FC 基板 C）","積層セラミックコンデンサ 100 nF 16 V X7R 0603（C3, C7, C9, C10, C11, C12, C13）","7","0.003","0.021","3","estimate","JLCPCB 基本部品"
"C","per_vehicle","基板部品（FC 基板 C）","積層セラミックコンデンサ 10 µF 10 V X5R 0805（C4, C5, C6）","3","0.02","0.060","9","estimate","JLCPCB 基本部品"
"C","per_vehicle","基板部品（FC 基板 C）","積層セラミックコンデンサ 1 µF 10 V X5R 0603（C8）","1","0.004","0.004","1","estimate","JLCPCB 基本部品"
"C","per_vehicle","基板部品（FC 基板 C）","ショットキーダイオード 40 V 1 A（モータ還流用）（D1）","1","0.02","0.020","3","estimate","JLCPCB 基本部品の一般的な単価"
"C","per_vehicle","基板部品（FC 基板 C）","チップ LED 赤 0603(1608)（D2）","1","0.01","0.010","2","estimate","JLCPCB 基本部品の一般的な単価"
"C","per_vehicle","基板部品（FC 基板 C）","4-in-1 ESC ハーネス用 JST SH 8 ピン（SMD）（J1）","1","0.45","0.450","71","estimate","JST 純正は $0.5 前後、互換品 $0.1〜0.2"
"C","per_vehicle","基板部品（FC 基板 C）","フロー＋ToF モジュール用 JST SH 8 ピン（SMD）（J2）","1","0.45","0.450","71","estimate","JST 純正は $0.5 前後、互換品 $0.1〜0.2"
"C","per_vehicle","基板部品（FC 基板 C）","GNSS＋コンパス用 JST SH 6 ピン（SMD）（J4）","1","0.4","0.400","63","estimate","JST 純正は $0.4 前後、互換品 $0.1〜0.2"
"C","per_vehicle","基板部品（FC 基板 C）","SMD パワーインダクタ 10 µH（4×4×2 mm）（L1）","1","0.1","0.100","16","estimate","4×4 mm パワーインダクタの一般的な単価"
"C","per_vehicle","基板部品（FC 基板 C）","チップ抵抗 100kΩ 1% 0603(1608)（R1, R3, R8）","3","0.002","0.006","1","estimate","JLCPCB 基本部品（0603 抵抗）"
"C","per_vehicle","基板部品（FC 基板 C）","チップ抵抗 33kΩ 1% 0603(1608)（R2）","1","0.002","0.002","0","estimate","JLCPCB 基本部品（0603 抵抗）"
"C","per_vehicle","基板部品（FC 基板 C）","チップ抵抗 10kΩ 1% 0603(1608)（R4, R5, R9）","3","0.002","0.006","1","estimate","JLCPCB 基本部品（0603 抵抗）"
"C","per_vehicle","基板部品（FC 基板 C）","チップ抵抗 4.7kΩ 1% 0603(1608)（R6, R7）","2","0.002","0.004","1","estimate","JLCPCB 基本部品（0603 抵抗）"
"C","per_vehicle","基板部品（FC 基板 C）","チップ抵抗 1kΩ 1% 0603(1608)（R10）","1","0.002","0.002","0","estimate","JLCPCB 基本部品（0603 抵抗）"
"C","per_vehicle","基板部品（FC 基板 C）","タクトスイッチ 3×4 mm（SMD）（SW1, SW2）","2","0.05","0.100","16","estimate","SMD タクトスイッチの一般的な単価"
"C","per_vehicle","基板部品（FC 基板 C）","降圧 DC-DC コンバータ 1.2 A（4.5〜24 V 入力、非同期整流）（U1）","1","0.2","0.200","31","web","LCSC/JLCPCB（互換品 $0.09〜0.18、MPS 原品 $0.22〜0.25）"
"C","per_vehicle","基板部品（FC 基板 C）","Wi-Fi/BLE マイコンモジュール ESP32-S3（8MB Flash, PSRAM なし）（U2）","1","5.66","5.660","889","web","Digi-Key 単価"
"C","per_vehicle","基板部品（FC 基板 C）","6軸 IMU（ジャイロ＋加速度）（U3）","1","12","12.000","1884","web","LCSC（$15.6〜、在庫なし）・Digi-Key/Mouser は在庫変動"
"C","per_vehicle","基板部品（FC 基板 C）","気圧センサ（U4）","1","3.3","3.300","518","web","Digi-Key 単価（取り寄せ）"
"C","per_vehicle","推進系","モータ bl-1204-5000","4","13","52.000","8164","estimate","1204 5000KV（Happymodel/BETAFPV 等、1 個 $10〜15 が一般的。Banggood 表示 $37.99 は要確認）"
"C","per_vehicle","推進系","プロペラ prop-76-3b","4","0.65","2.600","408","web","Gemfan Hurricane 3016 4 枚 $2.60〜3.99"
"C","per_vehicle","電池","電池 lipo-2s-450","1","9.5","9.500","1492","web","Banggood GNB 2S 450 mAh 80C $9.26 ほか"
"C","per_vehicle","外部モジュール","ESC-4in1-AM32","1","30","30.000","4710","estimate","20×20 の小型 4-in-1 ESC（12〜20 A、2〜4S）の一般的な価格"
"C","per_vehicle","外部モジュール","GNSS-M10","1","21","21.000","3297","web","HGLRC M100-5883（M10＋QMC5883）$20.49〜22.99 / Flywoo GM10 Nano $18.99〜"
"C","per_vehicle","機構・配線","フレーム（PLA 28 g：サポート・失敗分込み）","0.027541398981279844","20","0.551","86","web","PLA 1 kg の中央値 $19.99/kg（2026-06 時点の価格調査）"
"C","per_vehicle","機構・配線","screws-m2","1","5","5.000","785","estimate","M2 ねじ・ナット・ナイロンスペーサのセット"
"C","per_vehicle","機構・配線","battery-strap","1","1","1.000","157","estimate","電池ストラップ・滑り止め"
"C","per_vehicle","機構・配線","wire-misc","1","4","4.000","628","estimate","シリコン線（AWG 20/28）・熱収縮チューブ・はんだ"
"C","per_vehicle","機構・配線","xt30-pigtail","1","1","1.000","157","estimate","XT30 ピッグテール"
"C","per_vehicle","機構・配線","jst-sh-cable","1","2","2.000","314","estimate","JST-SH 両端ケーブル（ESC・GNSS・子基板用）"
"C","first_build","基板発注（FC 基板 C）","基板製造 5 枚（2 層）","1","2","2.000","314","calc","JLCPCB ヘルプ「PCB Assembly Cost」、TechOverflow「JLCPCB PCBA assembly price overview」"
"C","first_build","基板発注（FC 基板 C）","実装の段取り・ステンシル・技術料（Standard PCBA：モジュールあり）","1","30","30.000","4710","calc","JLCPCB ヘルプ「PCB Assembly Cost」、TechOverflow「JLCPCB PCBA assembly price overview」"
"C","first_build","基板発注（FC 基板 C）","拡張部品のフィーダ費（10 種 × $1.5）","1","15","15.000","2355","calc","JLCPCB ヘルプ「PCB Assembly Cost」、TechOverflow「JLCPCB PCBA assembly price overview」"
"C","first_build","基板発注（FC 基板 C）","はんだ付け（155 点 × 2 枚）","1","0.527","0.527","83","calc","JLCPCB ヘルプ「PCB Assembly Cost」、TechOverflow「JLCPCB PCBA assembly price overview」"
"C","first_build","基板発注（FC 基板 C）","実装部品（2 枚分）","1","45.75","45.750","7183","calc","上の部品単価の合計 × 実装枚数"
"C","first_build","基板発注","国際送料（基板・1 回にまとめる）","1","20","20.000","3140","calc","宅配便の目安"
"C","first_build","推進系","モータ bl-1204-5000","4","13","52.000","8164","estimate","1204 5000KV（Happymodel/BETAFPV 等、1 個 $10〜15 が一般的。Banggood 表示 $37.99 は要確認）"
"C","first_build","推進系","プロペラ（予備 2 セット ＋ 取付分）","12","0.65","7.800","1225","web","Gemfan Hurricane 3016 4 枚 $2.60〜3.99"
"C","first_build","電池","電池（運用 3 本）","3","9.5","28.500","4475","web","Banggood GNB 2S 450 mAh 80C $9.26 ほか"
"C","first_build","外部モジュール","ESC-4in1-AM32","1","30","30.000","4710","estimate","20×20 の小型 4-in-1 ESC（12〜20 A、2〜4S）の一般的な価格"
"C","first_build","外部モジュール","GNSS-M10","1","21","21.000","3297","web","HGLRC M100-5883（M10＋QMC5883）$20.49〜22.99 / Flywoo GM10 Nano $18.99〜"
"C","first_build","機構・配線","PLA 1 巻（1 kg）","1","20","20.000","3140","web","PLA 1 kg の中央値 $19.99/kg（2026-06 時点の価格調査）"
"C","first_build","機構・配線","screws-m2","1","5","5.000","785","estimate","M2 ねじ・ナット・ナイロンスペーサのセット"
"C","first_build","機構・配線","battery-strap","1","1","1.000","157","estimate","電池ストラップ・滑り止め"
"C","first_build","機構・配線","wire-misc","1","4","4.000","628","estimate","シリコン線（AWG 20/28）・熱収縮チューブ・はんだ"
"C","first_build","機構・配線","xt30-pigtail","1","1","1.000","157","estimate","XT30 ピッグテール"
"C","first_build","機構・配線","jst-sh-cable","1","2","2.000","314","estimate","JST-SH 両端ケーブル（ESC・GNSS・子基板用）"
"C","first_build","送料・税","海外ホビーショップの送料（1 回）","1","15","15.000","2355","calc","目安"
"C","first_build","送料・税","輸入消費税 10 %","1","30.0577","30.058","4719","calc","課税対象の合計 × 税率"
"C","tools","道具（初回のみ）","charger-2s","1","35","35.000","5495","estimate","2S 対応バランス充電器"
"C","tools","道具（初回のみ）","usb-uart","1","5","5.000","785","estimate","USB-シリアル変換（ESP32 書込み用）"
"C","tools","道具（初回のみ）","pogo-jig","1","10","10.000","1570","estimate","ポゴピン書込み治具"
"C","tools","道具（初回のみ）","lipo-bag","1","8","8.000","1256","estimate","LiPo 保管用の耐火バッグ"
